region_id;0_ID;1_Outer_cell_layer(nm);2_Nucleus;3_Trichocysts;4_Chloroplast;5_Plastoglobuli;6_Pusule;7_Food_vacuole;8_Starch;9_Crystalline_compartment;10_Large_vacuole;11_CBB/flagella;12_Symbiosis/parasitism/Prey/2=Kleptoplastidism;13_Reticulated_network;14_Electron_dense_sheets;15_Tubular_network;16_Rhabdosomes_and_alike_structure;17_eyespot/mt_array;19_Presumed_ID;18_NI_a_z;20_Area(nm^2)
1;VSM20_A2_PM9_001;;1;1;1;0;1;0;6;0;0;0;0;1;0;0;0;1;Triadinium_sphaericum_sp;d,r;1,0506E+11
2;VSM20_A2_PM9_002;;1;1;1;1;0;0;0;0;0;0;0;1;0;0;0;0;Triadinium_sphaericum_sp;d,r;6,3229E+10
3;VSM20_A2_PM9_003;;1;1;1;0;1;0;5;0;0;0;0;1;0;0;0;1;Triadinium_sphaericum_sp;d,r;1,2538E+11
4;VSM20_A2_PM9_004;;1;1;0;0;1;1;0;0;0;0;0;1;1;1;0;0;Pseudalatosphaera_corsica_sp;x;1,1309E+11
5;VSM20_A2_PM9_005;;0;1;1;0;0;0;0;0;0;0;1;1;1;0;0;0;Paleophalacroma_sp;r;1,5014E+10
6;VSM20_A2_PM9_006;;0;1;1;0;0;0;0;0;0;0;0;1;0;0;0;1;Triadinium_sphaericum_sp;d,r,s;8,1937E+10
7;VSM20_A2_PM9_007;;1;1;0;0;0;0;0;0;0;1;0;0;1;1;0;0;Protoperidinium_sp;p,r;2,0790E+11
8;VSM20_A2_PM9_008;;0;1;1;1;0;0;6;1;0;0;0;1;0;0;0;0;NI;r;1,0745E+11
9;VSM20_A2_PM9_009;;0;0;0;0;0;0;0;0;0;0;0;1;1;0;0;0;NI;r;6,9696E+10
10;VSM20_A2_PM9_010;;1;0;0;0;0;0;0;0;0;0;0;0;1;0;0;0;NI;x;4,0397E+10
11;VSM20_A2_PM9_011;;1;1;1;2;1;1;14;1;0;0;0;1;0;0;0;0;NI;r;1,6118E+11
12;VSM20_A2_PM9_012;;1;1;0;0;1;0;0;1;0;1;0;1;0;0;0;0;NI;x;3,5355E+11
13;VSM20_A2_PM9_013;;0;0;0;0;0;0;0;0;0;0;0;0;1;0;0;0;NI;w,r;1,7610E+11
14;VSM20_A2_PM9_014;;1;1;0;0;0;0;9;0;0;0;1;0;1;0;0;0;Protoperidinium_sp;x;3,2377E+11
15;VSM20_A2_PM9_015;;1;1;0;0;1;0;0;0;0;1;0;0;1;1;0;0;Protoperidinium_sp;x;2,6403E+11
16;VSM20_A2_PM9_016;;0;1;1;0;0;0;0;1;0;0;0;0;0;0;0;0;NI;r;1,4654E+11
17;VSM20_A2_PM9_017;;1;0;0;0;0;1;0;0;0;0;0;0;0;0;0;0;NI;x;1,6102E+11
18;VSM20_A2_PM9_018;;1;1;0;0;1;0;0;0;1;0;0;0;1;1;0;0;Protoperidinium_sp;r;2,2664E+11
19;VSM20_A2_PM9_019;;1;1;1;2;0;1;0;1;0;0;0;0;0;0;0;0;NI;x;5,3815E+11
20;VSM20_A2_PM9_020;;1;1;0;0;1;0;0;0;0;0;0;0;1;1;0;0;NI;x;3,0286E+11
21;VSM20_A2_PM9_021;;1;1;0;0;1;0;0;0;1;0;0;0;1;1;0;0;Protoperidinium_sp;x;2,0109E+11
22;VSM20_A2_PM9_022;;0;0;0;0;0;0;0;0;0;0;0;0;1;0;0;0;NI;r;2,8054E+10
23;VSM20_A2_PM9_023;;1;1;0;0;0;1;0;0;0;0;0;0;1;1;0;0;NI;x;1,0959E+11
24;VSM20_A2_PM9_024;;1;0;1;0;0;0;1;0;0;0;0;0;0;0;0;0;Ciliate;x;2,3446E+10
25;VSM20_A2_PM9_025;;0;1;0;0;0;0;0;0;1;0;0;0;1;1;0;0;NI;x;1,3876E+11
26;VSM20_A2_PM9_026;;0;0;0;0;1;0;0;0;1;1;0;0;1;0;0;0;NI;x;1,1885E+11
27;VSM20_A2_PM9_027;;1;0;0;0;1;0;0;0;0;0;0;1;1;0;0;0;Protoperidinium_sp;x;1,3937E+11
28;VSM20_A2_PM9_028;;0;0;0;0;0;0;0;0;0;0;0;0;1;0;0;0;NI;x;1,6587E+10
29;VSM20_A2_PM9_029;;1;1;0;0;0;0;6;1;0;1;0;0;0;0;0;0;Oxytoxum_sp;j,r;6,2512E+10
30;VSM20_A2_PM9_030;;1;1;1;0;0;1;6;1;0;1;0;0;0;0;0;0;NI;x;4,2978E+10
31;VSM20_A2_PM9_031;;1;1;0;0;0;0;0;0;0;0;0;1;1;1;0;0;Protoperidinium_sp;p;4,0117E+11
32;VSM20_A2_PM9_032;;0;1;1;6;0;0;0;1;0;0;0;1;0;0;0;0;NI;x;4,2301E+11
33;VSM20_A2_PM9_033;;1;0;0;0;0;0;0;1;0;0;0;0;1;0;0;0;NI;x;6,4046E+10
34;VSM20_A2_PM9_034;;1;1;1;3;0;1;13;1;0;0;0;0;0;0;0;0;Paleophalacroma_sp;i,w,r;2,3494E+11
35;VSM20_A2_PM9_035;;0;0;1;2;0;0;15;0;0;0;0;0;0;0;0;0;Prorocentrum_sp;a;8,6705E+10
36;VSM20_A2_PM9_036;;0;1;1;0;0;1;3;1;0;1;0;0;0;0;0;0;NI;x;9,1617E+10
37;VSM20_A2_PM9_037;;1;1;1;2;0;0;3;1;0;0;2;0;0;0;0;0;Oxytoxum_sp;j,r;1,0249E+11
38;VSM20_A2_PM9_038;;1;1;0;0;1;0;0;0;1;0;0;0;1;1;0;0;NI;x;1,8480E+11
39;VSM20_A2_PM9_039;;1;1;0;0;0;0;0;1;0;0;0;1;1;0;0;0;NI;r;5,9121E+10
40;VSM20_A2_PM9_040;;0;1;0;0;0;0;0;0;0;0;0;0;1;0;0;0;NI;x;5,4204E+10
41;VSM20_A2_PM9_041;;1;1;1;3;0;0;16;1;0;0;0;0;0;0;0;0;Prorocentrum_sp;b;1,7734E+11
42;VSM20_A2_PM9_042;;1;0;1;0;1;0;0;1;0;0;0;0;0;0;0;0;NI;x;3,5738E+10
43;VSM20_A2_PM9_043;;0;0;1;2;1;0;3;1;0;0;0;0;0;0;0;0;Prorocentrum_sp;a;3,6664E+10
44;VSM20_A2_PM9_044;;0;1;1;2;0;0;6;1;0;0;0;0;0;0;0;0;NI;r;9,2118E+10
45;VSM20_A2_PM9_045;;0;0;0;0;0;0;0;0;1;1;0;0;1;1;0;0;NI;x;1,3947E+11
46;VSM20_A2_PM9_046;;0;1;0;0;0;0;0;0;0;0;0;0;1;1;0;0;Protoperidinium_sp;r;1,2706E+11
47;VSM20_A2_PM9_047;;0;1;1;3;0;1;4;1;0;0;1;1;0;0;0;0;NI;g,r;1,5293E+11
48;VSM20_A2_PM9_048;;0;1;1;1;0;0;4;1;0;0;0;1;1;0;0;0;NI;r;1,0236E+11
49;VSM20_A2_PM9_049;;0;0;1;1;0;1;0;0;0;0;1;0;0;0;0;0;Coccolitophore;x;0,0000E+00
50;VSM20_A2_PM9_050;;1;1;0;0;0;0;0;0;0;0;0;0;1;0;0;0;NI;x;1,1378E+11
51;VSM20_A2_PM9_051;;0;0;1;1;1;0;0;1;0;0;0;0;0;0;0;0;Prorocentrum_sp;a;3,1150E+10
52;VSM20_A2_PM9_052;;0;0;1;5;0;1;0;1;0;0;0;1;0;0;0;0;NI;r;2,6110E+11
53;VSM20_A2_PM9_053;;0;1;0;0;1;0;0;0;0;0;0;1;1;1;0;0;NI;x;2,1608E+11
54;VSM20_A2_PM9_054;;0;0;0;0;0;0;0;1;0;0;0;0;1;0;0;0;NI;x;1,3410E+10
55;VSM20_A2_PM9_055;;1;0;1;4;0;0;0;0;0;0;0;0;0;0;0;0;Prymnesiophyceae;x;0,0000E+00
56;VSM20_A2_PM9_056;;1;1;1;2;0;0;4;0;0;0;0;0;0;0;0;0;NI;r;1,6667E+11
57;VSM20_A2_PM9_057;;1;0;1;0;0;0;3;1;0;0;0;0;0;0;0;0;NI;x;6,8798E+10
58;VSM20_A2_PM9_058;;1;1;0;0;1;0;0;0;0;0;0;0;1;1;0;0;Protoperidinium_sp;r;2,0618E+11
59;VSM20_A2_PM9_059;;0;0;1;0;0;0;14;0;0;0;0;0;0;0;0;0;Prorocentrum_sp;a;5,9054E+10
60;VSM20_A2_PM9_060;;0;0;0;0;0;0;0;1;0;0;0;0;0;0;0;0;NI;x;2,4782E+10
61;VSM20_A2_PM9_061;;0;1;1;19;0;0;0;1;0;0;0;0;0;0;0;0;NI;x;4,4094E+10
62;VSM20_A2_PM9_062;;1;1;1;6;0;0;1;0;0;1;0;1;0;0;0;0;NI;v;1,1821E+11
63;VSM20_A2_PM9_063;;0;0;0;0;0;0;0;0;0;0;0;1;0;0;0;1;NI;x;1,2508E+11
64;VSM20_A2_PM9_064;;0;1;1;8;0;0;1;0;0;0;0;1;0;0;0;0;NI;h,r;2,9330E+11
65;VSM20_A2_PM9_065;;1;1;1;1;1;0;13;0;0;0;0;1;0;1;0;0;Prorocentrum_sp;a,b;3,0062E+11
66;VSM20_A2_PM9_066;;0;1;1;1;0;0;4;1;0;0;0;0;0;0;0;1;NI;g;1,2519E+11
67;VSM20_A2_PM9_067;;1;1;1;0;0;0;6;0;0;0;0;1;0;0;0;0;NI;x;6,2260E+10
68;VSM20_A2_PM9_068;;0;1;1;0;0;0;0;1;0;0;1;0;0;0;0;0;NI;r;6,9662E+10
69;VSM20_A2_PM9_069;;0;1;0;0;0;0;3;0;0;0;0;1;1;0;0;0;Pseudalatosphaera_corsica_sp;x;1,2792E+11
70;VSM20_A2_PM9_070;;0;1;1;2;0;0;6;0;0;0;0;1;0;0;0;0;NI;h,n,r;1,8623E+11
71;VSM20_A2_PM9_071;;0;1;1;7;0;0;9;0;0;0;0;1;0;0;0;0;Prorocentrum_sp;a;1,7871E+11
72;VSM20_A2_PM9_072;;0;1;1;3;0;0;1;0;0;0;0;1;0;0;0;0;NI;k,u;3,7206E+11
73;VSM20_A2_PM9_073;;0;0;0;0;0;0;0;0;0;0;0;0;0;0;0;0;Sclerocyte;x;0,0000E+00
74;VSM20_A2_PM9_074;;1;1;1;0;0;0;0;0;0;0;0;0;0;0;0;0;Prorocentrum_sp;x;3,8018E+10
75;VSM20_A2_PM9_075;;1;1;1;7;0;0;2;1;0;0;1;0;1;0;0;0;Paleophalacroma_sp;i ;1,7193E+11
76;VSM20_A2_PM9_076;;1;0;1;3;0;0;10;1;0;0;0;0;0;0;0;0;NI;x;3,3366E+10
77;VSM20_A2_PM9_077;;0;0;1;0;0;0;0;0;0;0;0;1;0;0;0;0;NI;x;3,5383E+10
78;VSM20_A4_PM5_001;;0;1;0;0;1;0;0;0;0;0;0;1;1;1;0;0;Protoperidinium_sp;r;2,3467E+11
79;VSM20_A4_PM5_002;;0;0;0;0;0;0;0;0;0;0;0;0;0;0;0;0;NI;x;1,3403E+10
80;VSM20_A4_PM5_003;;0;1;1;0;0;0;0;0;0;0;0;0;0;0;0;0;Prorocentrum_sp;x;5,7344E+11
81;VSM20_A4_PM5_004;;1;1;0;0;0;0;0;0;0;0;0;1;1;1;1;0;Pseudalatosphaera_corsica_sp;x;2,9127E+10
82;VSM20_A4_PM5_005;;1;1;0;0;1;0;0;0;0;0;0;1;1;1;0;0;Protoperidinium_sp;x;6,9798E+11
83;VSM20_A4_PM5_006;;1;1;0;0;1;0;0;0;0;0;0;1;1;1;0;0;Protoperidinium_sp;p;7,1391E+11
84;VSM20_A4_PM5_007;;1;1;1;4;0;0;0;1;0;0;0;0;0;0;0;0;NI;p;5,1811E+11
85;VSM20_A4_PM5_008;;1;0;1;4;0;0;5;0;0;0;0;1;0;0;0;0;NI;x;3,9911E+10
86;VSM20_A4_PM5_009;;0;0;0;0;1;0;0;0;0;0;0;1;1;1;0;0;NI;x;4,5190E+10
87;VSM20_A4_PM5_010;;0;1;0;0;0;0;0;0;0;0;0;1;1;1;0;0;NI;r;1,0684E+11
88;VSM20_A4_PM5_011;;0;1;1;12;0;0;7;1;0;0;0;0;0;0;0;0;Prorocentrum_sp;x;1,4106E+11
89;VSM20_A4_PM5_012;;1;1;0;0;0;0;0;0;0;0;0;1;1;1;0;0;NI;p;3,2928E+11
90;VSM20_A4_PM5_013;;1;1;1;3;0;0;6;1;0;0;0;0;0;0;0;0;Prorocentrum_sp;a,b;2,4564E+11
91;VSM20_A4_PM5_014;;0;0;0;0;0;0;11;1;0;0;0;0;0;0;0;0;Prymnesiophyceae;x;2,7420E+10
92;VSM20_A4_PM5_015;;0;1;0;0;1;0;0;0;0;0;0;1;1;1;0;0;Pseudalatosphaera_corsica_sp;x;1,7739E+11
93;VSM20_A4_PM5_016;;0;1;0;0;0;0;0;0;0;0;0;1;1;0;0;0;NI;x;3,3964E+11
94;VSM20_A4_PM5_017;;0;1;1;9;0;0;32;0;0;0;0;1;0;0;0;0;Prorocentrum_sp;x;2,5342E+11
95;VSM20_A4_PM5_018;;0;1;1;3;0;0;4;0;0;0;0;1;0;0;0;0;NI;x;9,5896E+10
96;VSM20_A4_PM5_019;;0;1;1;3;0;0;3;0;0;0;0;1;0;0;0;0;NI;x;1,2401E+10
97;VSM20_A4_PM5_020;;1;1;1;7;0;0;20;1;0;0;0;0;0;0;0;0;NI;r;3,9462E+11
98;VSM20_A4_PM5_021;;1;1;0;0;1;0;0;0;0;0;0;1;1;1;0;0;Protoperidinium_sp;p;3,4040E+11
99;VSM20_A4_PM5_022;;1;1;1;9;0;0;0;1;0;0;0;0;0;0;0;0;NI;r,z;3,5730E+11
100;VSM20_A4_PM5_023;;1;1;1;4;0;0;0;1;0;0;0;0;0;0;0;0;NI;r,z;3,7121E+11
101;VSM20_A4_PM5_024;;1;1;1;3;0;0;2;0;0;1;1;0;0;0;0;0;NI;x;7,4075E+10
102;VSM20_A4_PM5_025;;1;1;1;6;1;0;12;1;0;0;0;0;0;0;0;0;Prorocentrum_sp;b;3,3218E+11
103;VSM20_A4_PM5_026;;1;1;1;4;1;0;3;1;0;0;0;0;0;0;0;0;Prorocentrum_sp;b;3,1608E+11
104;VSM20_A4_PM5_027;;1;1;0;0;0;1;0;1;0;0;0;1;0;0;0;0;NI;l;5,2693E+11
105;VSM20_A4_PM5_028;;1;1;0;0;0;0;0;0;0;0;0;1;0;1;0;0;NI;p;2,9712E+11
106;VSM20_A4_PM5_029;;1;1;0;0;1;0;0;0;1;0;1;1;1;1;0;0;NI;p;6,9217E+11
107;VSM20_A4_PM5_030;;1;1;1;3;0;0;6;1;0;0;0;0;1;0;0;0;NI;x;1,9872E+11
108;VSM20_A4_PM5_031;;1;1;0;0;0;0;0;0;0;0;0;1;1;1;0;0;NI;x;7,8126E+10
109;VSM20_A4_PM5_032;;1;1;1;4;1;0;10;0;0;1;0;1;0;0;0;0;NI;v;8,3552E+10
110;VSM20_A4_PM5_033;;1;1;1;2;1;0;8;0;0;0;0;0;0;0;0;0;NI;g;2,0513E+11
111;VSM20_A4_PM5_034;;0;1;0;0;1;0;0;0;0;0;0;1;1;0;0;0;NI;m;1,6833E+11
112;VSM20_A4_PM5_035;;0;1;1;1;1;0;0;1;0;0;0;0;0;0;0;0;NI;x;1,6793E+10
113;VSM20_A4_PM5_036;;0;0;0;0;0;0;0;0;0;0;0;0;0;0;0;0;Prymnesiophyte;x;0,0000E+00
114;VSM20_A4_PM5_037;;0;1;1;4;1;0;0;1;0;0;0;0;0;0;0;0;NI;z;2,1380E+11
115;VSM20_A4_PM5_038;;0;1;1;1;1;0;0;0;0;0;0;1;0;0;0;0;NI;r;9,7493E+10
116;VSM20_A4_PM5_039;;1;1;1;2;0;0;0;0;0;1;0;1;0;0;0;1;NI;l;2,2151E+11
117;VSM20_A4_PM5_040;;0;1;0;0;0;0;0;0;0;0;0;1;0;0;0;0;NI;r;2,6747E+10
118;VSM20_A4_PM5_041;;1;1;1;19;0;0;0;1;0;0;2;0;1;0;0;0;Paleophalacroma_sp;r;8,9355E+10
119;VSM20_A4_PM5_042;;1;1;1;3;0;0;0;0;1;0;0;0;0;0;0;0;NI;h,r;4,4819E+11
120;VSM20_A4_PM5_043;;0;1;0;0;0;0;0;0;0;0;0;1;0;0;1;0;NI;x;1,3834E+11
121;VSM20_A4_PM5_044;;0;1;1;7;0;0;0;1;0;1;0;0;0;0;0;1;NI;r;2,0963E+11
122;VSM20_A4_PM5_045;;1;1;1;4;0;0;0;1;0;0;0;0;0;0;0;0;NI;h;1,3476E+11
123;VSM20_A4_PM5_046;;1;1;0;0;1;0;0;0;0;1;0;1;0;0;0;0;NI;x;5,1071E+10
124;VSM20_A4_PM5_047;;1;0;0;0;1;0;0;0;1;0;0;0;1;0;0;0;NI;a;1,6250E+11
125;VSM20_A4_PM5_048;;0;1;0;0;1;0;0;0;0;0;0;0;0;0;0;0;NI;x;4,0675E+10
126;VSM20_A4_PM5_049;;0;0;1;0;0;0;5;1;0;0;0;0;0;1;0;0;NI;x;1,7766E+10
127;VSM20_A4_PM5_050;;1;1;1;0;0;1;0;0;0;0;0;1;0;0;0;0;NI;r;4,1437E+10
128;VSM20_A4_PM5_051;;0;0;0;0;0;0;0;1;0;0;0;0;0;0;0;0;Prorocentrum_sp;x;6,0331E+10
129;VSM20_A4_PM5_052;;1;1;1;2;1;0;10;0;0;0;0;1;0;0;0;0;Prorocentrum_sp;a;2,4581E+11
130;VSM20_A4_PM5_053;;0;1;0;0;0;0;0;1;0;0;0;1;0;0;0;0;NI;r;2,1573E+10
131;VSM20_A4_PM5_054;;0;1;1;6;1;0;19;1;0;0;0;0;0;0;0;0;Prorocentrum_sp;b;2,1440E+11
132;VSM20_A4_PM5_055;;1;1;1;3;1;0;14;0;0;0;0;1;0;0;0;0;Prorocentrum_sp;b;2,2190E+11
133;VSM20_A4_PM5_056;;0;1;1;1;0;0;0;0;0;0;0;1;0;0;0;0;NI;x;1,2649E+10
134;VSM20_A4_PM5_057;;0;1;1;2;0;0;0;0;0;0;0;1;0;0;0;0;NI;x;1,7200E+10
135;VSM20_A4_PM5_058;;0;0;0;0;0;0;0;0;0;0;0;1;0;0;0;0;Sclerocyte;x;0,0000E+00
136;VSM20_A4_PM5_059;;0;1;1;7;0;0;13;0;0;0;0;1;0;0;0;1;Triadinium_sphaericum_sp;d,r;2,8206E+11
137;VSM20_A4_PM5_060;;0;1;1;8;0;0;0;0;0;0;0;0;0;0;0;0;NI;x;1,2738E+10
138;VSM20_A4_PM5_061;;0;0;0;0;1;0;0;0;0;0;0;0;0;0;0;0;Diatom;x;0,0000E+00
139;VSM20_A4_PM5_062;;1;1;1;5;0;0;23;0;0;0;0;1;0;0;0;0;Prorocentrum_sp;b;3,4862E+11
140;VSM20_A4_PM5_063;;1;1;1;2;0;0;25;1;0;1;0;0;0;0;0;0;Prorocentrum_sp;x;3,1958E+11
141;VSM20_A4_PM5_064;;0;0;1;5;0;0;0;0;0;0;0;1;0;0;0;0;Triadinium_sphaericum_sp;d,r;1,9179E+11
142;VSM20_A4_PM5_065;;0;1;0;0;0;0;0;0;0;0;1;0;1;1;0;0;NI;x;1,3361E+11
143;VSM20_A4_PM5_066;;0;1;1;2;0;0;6;0;0;0;0;0;0;0;0;0;NI;r;6,0842E+10
144;VSM20_A4_PM5_067;;1;1;1;3;0;0;0;0;0;0;0;1;0;0;0;0;Prorocentrum_sp;a;3,6792E+11
145;VSM20_A4_PM5_068;;0;1;1;10;1;0;0;0;0;0;0;1;0;0;0;0;Triadinium_sphaericum_sp;d,o,r;2,6463E+11
146;VSM20_A4_PM5_069;;0;1;0;0;0;0;0;0;0;0;0;0;1;1;0;0;NI;p;2,8686E+11
147;VSM20_A4_PM5_070;;1;0;1;13;0;0;15;1;0;0;0;0;0;0;0;0;Prorocentrum_sp;x;2,3825E+11
148;VSM20_A4_PM5_071;;1;0;1;7;0;0;1;0;0;0;0;1;0;0;0;0;NI;a;5,8675E+10
149;VSM20_A4_PM5_072;;0;1;0;0;0;0;0;0;0;0;0;1;0;0;0;0;NI;x;1,2515E+10
150;VSM20_A4_PM5_073;;0;0;0;0;0;0;0;0;0;0;0;0;0;0;0;0;Sclerocyte;x;0,0000E+00
151;VSM20_A4_PM5_074;;0;1;1;25;0;0;5;0;0;0;0;1;1;0;0;0;NI;x;1,2999E+11
152;VSM20_A4_PM5_075;;0;1;1;6;1;1;0;0;0;0;2;1;0;0;0;1;Triadinium_sphaericum_sp;d,r;4,2786E+11
153;VSM20_A4_PM5_076;;0;1;1;1;0;0;0;0;0;0;0;1;0;0;0;0;NI;g,r;2,4659E+11
154;VSM20_A4_PM5_077;;1;0;1;0;0;0;8;0;0;0;0;1;0;0;0;0;Prorocentrum_sp;a;2,6361E+11
155;VSM20_A4_PM5_078;;1;1;1;2;1;0;34;0;0;1;0;1;0;0;0;0;Prorocentrum_sp;b;3,7319E+11
156;VSM20_A4_PM5_079;;1;0;1;5;0;0;10;1;0;0;0;0;0;0;0;0;NI;x;7,5328E+10
157;VSM20_A4_PM5_080;;0;1;1;4;0;0;8;0;0;0;0;1;1;1;0;0;NI;x;1,0887E+11
158;VSM20_A4_PM5_081;;1;1;1;0;0;0;5;0;0;0;0;1;0;0;0;0;NI;x;5,2366E+10
159;VSM20_A4_PM5_082;;0;0;0;0;0;0;0;0;0;0;0;1;0;0;0;0;Ciliate;x;0,0000E+00
160;VSM20_A4_PM5_083;;0;1;1;4;0;0;5;0;0;0;0;1;0;0;0;0;NI;b;2,6082E+10
161;VSM20_A4_PM5_084;;0;1;0;0;0;0;2;0;0;0;0;0;0;0;0;0;NI;x;1,8148E+11
162;VSM20_A6_PM5_001;;0;1;0;0;0;0;5;1;0;1;0;0;0;0;0;0;NI;r;2,3679E+10
163;VSM20_A6_PM5_002;;1;1;1;13;0;1;0;0;0;0;0;0;0;0;0;0;NI;l;8,2516E+11
164;VSM20_A6_PM5_003;;1;1;1;2;1;0;3;0;0;0;0;0;0;0;0;0;Prorocentrum_sp;a,r;2,7987E+11
165;VSM20_A6_PM5_004;;0;0;1;11;0;0;11;1;0;0;0;0;0;0;0;0;Prorocentrum_sp;x;9,8341E+10
166;VSM20_A6_PM5_005;;0;1;1;10;0;0;2;1;0;1;0;0;0;0;0;0;Oxytoxum_sp;j;6,4643E+10
167;VSM20_A6_PM5_006;;0;0;0;0;0;0;0;0;0;0;0;0;1;0;0;0;NI;r;5,4048E+10
168;VSM20_A6_PM5_007;;1;1;0;0;1;0;0;0;0;0;0;0;0;0;0;1;Triadinium_sphaericum_sp;d,e,f,r;3,6126E+11
169;VSM20_A6_PM5_008;;1;1;1;9;0;0;9;0;0;0;0;0;1;0;0;0;Paleophalacroma_sp;w;1,9757E+11
170;VSM20_A6_PM5_009;;1;1;0;0;1;0;1;0;0;0;0;1;0;0;0;1;Triadinium_sphaericum_sp;d,o,r;5,1391E+11
171;VSM20_A6_PM5_010;;1;1;1;26;0;0;0;0;0;0;0;1;0;0;0;0;Species_FIB;w;2,0039E+11
172;VSM20_A6_PM5_011;;0;1;0;0;0;0;0;0;0;0;0;1;1;1;0;0;Protoperidinium_sp;p;4,8664E+11
173;VSM20_A6_PM5_012;;0;1;0;0;1;1;0;0;0;0;0;1;1;0;0;0;Pseudalatosphaera_corsica_sp;x;3,0669E+11
174;VSM20_A6_PM5_013;;0;1;1;6;0;0;3;0;0;1;0;1;0;0;0;1;NI;x;5,7625E+10
175;VSM20_A6_PM5_014;;1;1;1;3;0;1;4;0;0;0;0;1;0;0;0;0;Paleophalacroma_sp;w;1,9945E+11
176;VSM20_A6_PM5_015;;1;1;1;4;0;0;13;0;0;0;0;1;0;0;0;0;Prorocentrum_sp;x;1,8007E+11
177;VSM20_A6_PM5_016;;0;1;1;1;0;0;3;1;0;0;0;0;0;0;0;0;Prorocentrum_sp;x;6,2281E+10
178;VSM20_A6_PM5_017;;1;1;0;0;0;1;28;0;0;1;0;1;0;1;0;0;NI;x;1,4518E+11
179;VSM20_A6_PM5_018;;1;1;1;11;0;0;34;0;0;0;0;1;0;0;0;0;Prorocentrum_sp;x;2,6005E+11
180;VSM20_A6_PM5_019;;1;1;1;5;0;0;18;0;0;0;0;0;0;0;0;0;Triadinium_sphaericum_sp;d,e,r;5,1155E+11
181;VSM20_A6_PM5_020;;1;1;0;0;1;0;0;0;0;0;0;1;1;1;0;0;NI;x;1,7744E+11
182;VSM20_A6_PM5_021;;1;0;1;3;0;0;0;0;0;0;0;0;0;0;0;0;NI;r,u;2,7302E+11
183;VSM20_A6_PM5_022;;0;0;1;2;0;0;0;0;0;0;0;1;0;0;0;0;Triadinium_sphaericum_sp;x;5,1206E+10
184;VSM20_A6_PM5_023;;1;1;1;4;0;1;3;1;0;1;0;0;0;0;0;0;NI;r;1,4428E+11
185;VSM20_A6_PM5_024;;1;0;1;5;1;1;16;0;0;0;0;1;0;0;0;0;Prorocentrum_sp;b;2,3019E+11
186;VSM20_A6_PM5_025;;0;0;0;0;0;0;2;0;0;0;0;1;0;0;0;0;NI;r;4,6887E+10
187;VSM20_A6_PM5_026;;0;1;0;0;0;0;0;0;0;0;0;0;1;0;0;0;NI;x;5,7570E+11
188;VSM20_A6_PM5_027;;0;0;0;0;0;0;0;0;0;0;0;1;1;0;0;0;NI;x;4,4045E+10
189;VSM20_A6_PM5_028;;0;1;1;13;0;1;11;1;0;0;0;0;0;0;0;0;NI;x;3,3940E+11
190;VSM20_A6_PM5_029;;1;1;0;0;1;0;0;0;0;1;0;1;1;1;0;0;NI;p;3,6112E+11
191;VSM20_A6_PM5_030;;1;1;1;6;0;0;0;1;0;0;1;0;0;0;0;0;NI;r;1,0351E+11
192;VSM20_A6_PM5_031;;1;1;1;7;0;0;28;0;0;0;0;1;0;0;0;0;Prorocentrum_sp;x;2,1175E+11
193;VSM20_A6_PM5_032;;1;1;1;35;0;0;8;0;0;0;0;1;1;0;0;0;Ni;r;2,9544E+11
194;VSM20_A6_PM5_033;;0;1;1;7;1;1;16;0;0;0;0;1;0;0;0;0;NI;a,b,r;1,5035E+11
195;VSM20_A6_PM5_034;;0;0;0;0;0;0;0;0;0;0;0;0;0;0;0;0;Ciliate;x;2,0967E+07
196;VSM20_A6_PM5_035;;0;1;0;0;0;0;5;0;0;0;0;1;0;0;0;0;Paleophalacroma_sp;w;5,6606E+10
197;VSM20_A6_PM5_036;;0;1;0;0;0;0;7;0;0;0;1;1;1;0;0;0;NI;x;4,4254E+11
198;VSM20_A6_PM5_037;;1;1;1;10;1;0;22;0;0;1;0;1;0;0;0;0;Prorocentrum_sp;b;3,6442E+11
199;VSM20_A6_PM5_038;;0;1;1;3;0;0;0;1;0;0;0;1;0;0;0;0;Prorocentrum_sp;b;6,6731E+10
200;VSM20_A6_PM5_039;;1;1;1;0;0;0;1;0;0;0;0;1;0;0;0;0;NI;h;5,8181E+10
201;VSM20_A6_PM5_040;;1;0;1;53;0;0;2;0;0;0;1;0;0;0;1;0;Dinophysis_sp;x;6,3943E+11
202;VSM20_A6_PM5_041;;0;1;0;0;1;0;0;0;0;0;1;0;0;1;0;0;NI;v;3,3668E+11
203;VSM20_A6_PM5_042;;1;1;1;6;0;0;0;1;0;0;0;1;0;0;0;0;NI;z;2,6038E+11
204;VSM20_A6_PM5_043;;1;1;1;6;0;0;0;0;0;0;0;1;0;0;0;0;NI;m,u;5,3253E+11
205;VSM20_A6_PM5_044;;0;1;1;6;0;0;0;0;0;0;0;1;0;0;0;0;NI;a,v;1,2430E+11
206;VSM20_A6_PM5_045;;1;1;0;0;0;0;0;0;0;1;0;0;0;0;0;0;NI;x;3,4633E+10
207;VSM20_A6_PM5_046;;1;0;1;1;0;0;0;0;0;0;0;0;0;0;0;0;NI;z;7,3760E+10
208;VSM20_A6_PM5_047;;1;1;1;1;0;0;7;0;0;0;0;1;0;0;0;0;NI;b;6,0025E+10
209;VSM20_A6_PM5_048;;0;0;1;3;0;0;1;0;0;0;0;0;0;0;0;0;Prorocentrum_sp;x;6,8881E+10
210;VSM20_A6_PM5_049;;0;0;0;0;0;0;0;0;0;0;0;0;0;0;0;0;Sclerocyte;x;2,4984E+07
211;VSM20_A6_PM5_050;;0;0;0;0;0;0;0;0;0;0;0;0;0;0;0;0;Colony;x;3,7922E+07